{
    "tasks":{
        "0" : {
            "status": "to-be-done",
            "title": "get a job",
            "id": 0
        },
        "1" : {
            "status": "to-be-done",
            "title": "wash the dishes",
            "id": 1
        },
        "2" : {
            "status": "in-progress",
            "title": "buy groceries",
            "id": 2
        },
        "3" : {
            "status": "in-progress",
            "title": "clear mails",
            "id": 3
        },
        "4" : {
            "status": "completed",
            "title": "pay bills",
            "id": 4
        },
        "5" : {
            "status": "completed",
            "title": "visit car wash",
            "id": 5
        }
    }
}